CREATE TABLE world_increments (
  id INTEGER, timestamp TIMESTAMP DEFAULT now(), gf3_trit INTEGER,
  gf3_color VARCHAR, gf3_name VARCHAR, source_type VARCHAR,
  source_name VARCHAR, event_type VARCHAR, repo_name VARCHAR,
  actor VARCHAR, snapshot_hash VARCHAR
);
CREATE TABLE repo_snapshots (
  id INTEGER, timestamp TIMESTAMP DEFAULT now(), increment_id INTEGER,
  org_or_user VARCHAR, repo_name VARCHAR, full_name VARCHAR,
  language VARCHAR, stars INTEGER, forks INTEGER, open_issues INTEGER,
  pushed_at VARCHAR, description VARCHAR
);
CREATE TABLE aptos_snapshots (
  timestamp TIMESTAMP DEFAULT now(),
  world VARCHAR, address VARCHAR, balance_apt DOUBLE
);
CREATE TABLE multisig_probes (
  timestamp TIMESTAMP DEFAULT now(),
  pair VARCHAR, address VARCHAR, sigs_required INTEGER, healthy BOOLEAN
);
CREATE TABLE mnx_snapshots (
  timestamp TIMESTAMP DEFAULT now(),
  ticker VARCHAR, name VARCHAR, category VARCHAR,
  price DOUBLE, change_pct DOUBLE
);
INSERT INTO world_increments VALUES
(1,now(),1,'#b8bb26','PLUS','org','plurigrid','repo_sweep',NULL,NULL,'sweep-plurigrid-2026-05-13'),
(2,now(),-1,'#cc241d','MINUS','org','kubeflow','repo_sweep',NULL,NULL,'sweep-kubeflow-2026-05-13'),
(3,now(),0,'#d3869b','ERGODIC','org','TeglonLabs','repo_sweep',NULL,NULL,'sweep-TeglonLabs-2026-05-13'),
(4,now(),1,'#b8bb26','PLUS','user','bmorphism','repo_sweep',NULL,NULL,'sweep-bmorphism-2026-05-13'),
(5,now(),-1,'#cc241d','MINUS','user','zubyul','repo_sweep',NULL,NULL,'sweep-zubyul-2026-05-13'),
(6,now(),0,'#d3869b','ERGODIC','user','migalkin','repo_sweep',NULL,NULL,'sweep-migalkin-2026-05-13'),
(7,now(),1,'#b8bb26','PLUS','user','DJedamski','repo_sweep',NULL,NULL,'sweep-DJedamski-2026-05-13'),
(8,now(),-1,'#cc241d','MINUS','user','wasita','repo_sweep',NULL,NULL,'sweep-wasita-2026-05-13'),
(9,now(),0,'#d3869b','ERGODIC','user','kristinezheng','repo_sweep',NULL,NULL,'sweep-kristinezheng-2026-05-13'),
(10,now(),1,'#b8bb26','PLUS','user','M1shaaa','repo_sweep',NULL,NULL,'sweep-M1shaaa-2026-05-13'),
(11,now(),-1,'#cc241d','MINUS','user','AustinCStone','repo_sweep',NULL,NULL,'sweep-AustinCStone-2026-05-13');
INSERT INTO aptos_snapshots (world,address,balance_apt) VALUES
('alice','0xc793acdec12b4a63717b001e21bbb7a8564d5e9690f80d41f556c2d0d624cc7b',0),
('bob','0x0a3c00c58fdf9020b27854a3229042efa70cf782d7d2a9de0c13d00e05512d5d',0),
('A','0x8699edc0960dd5b916074f1e9bd25d86fb416a8decfa46f78ab0af6eaebe9d7a',0),
('B','0x3f892ebe6e45164e63416ad10e7c87ce81e1acf2264c32dcfe21105a4577cb13',0),
('C','0x38b99e63ada9b6fef1d300b608b95bf7fa146ae39d0ab641e123f7952691535e',0),
('D','0xf77656248f64d5dd00f2e9b8e3a104eb8936d027eda37688cc5bb2b1d9fcfdd1',0),
('E','0xdc1d9d533bac3507f9b51b249bab86769361d3b651ab4f565906b7a8d0958d36',0),
('F','0x18a14b5b4bec118c1cc0297e5f23d6a77f1a140b1bb9b979bcf5f6da74c3cf71',0),
('G','0x69a394c0b0ac84212707a63f5aacaac2fd8b9ac2a44aba7c641dd3c5dbcc7f32',0),
('H','0xce67c327a7844e5488814b79f1d660c258bc8290ddac32e6f02e850d94e5300f',0),
('I','0x070fe5d74e4eda30e2c349d6afd7f30847c58cd5c01939da508ea15fc00c1fc9',0),
('J','0x4d964db8f538374034194647d0e67ac395b9034ebbee111b98cb6e2293e87f54',0),
('K','0xa732040a6b0d5590417adbdf0a1fb5f8e7d9f7e23d4ffadb2085e2a47a425dc4',0),
('L','0x7c2eaeafad9725492e4f4688171da4c9a7c5feb68488e422194673ee6337eba9',0),
('M','0x6fed37a7553ef16b2aaf218096b8609a0c4543adf4d4a74590fe483d49b7f2e9',0),
('N','0xe7dde6da0a65f51062d1dbb2a3ca9569d35ec596408263a13fd4559a11551b2c',0),
('O','0x73252b6011a75115a2853fdd924375224376f5a13822d07467bf3024a525a89d',0),
('P','0x6218792de4a9bc38917b21aa6dbceff8565f33d27d4acd2d29366013621ec948',0),
('Q','0xac40fa50b81b4ca6b198791824e817aa734bf4b61a1b096af0a3b6525e5c89a9',0),
('R','0x7ce605cc8fda4f8e4a16ae0b2a40aa46e1a37d349de4d3a65d41ebeb36d76e10',0),
('S','0xb8753014e4888ea48a2a315d9bde985af500c700bc3c27457a00beb4f99d0386',0),
('T','0x35781dc0e42fef3f25ccc55381110751ce9969268fe8131b3759505f2d3f4588',0),
('U','0x75860da47565f6509bcc46d8b033837163884af7eaa9a39e3fa521f395ef9956',0),
('V','0xb59dd8170321dfab5ae9fba7c5a7fee0e9ad8a66c9e559862cff6ea8a89af2c3',0),
('W','0x5f32aef70f5ba530d3922d4ebcb41733e7e5844aa15be8b8d8963d45a6ccc7b0',0),
('X','0xa95cbbd116548ac9901feb0871914d297ce4f6dd6d030457d4569b2cbe33047d',0),
('Y','0xd8e32848f1dffa811b971a12f9bede35ee5e3ecf617ba53ef2b39100fa2444c4',0),
('Z','0x7af0ef6e1bd706f4b310ecd5246128c6c3e4c723f5223f67915ebd5e6e4e197c',0);
INSERT INTO multisig_probes (pair,address,sigs_required,healthy) VALUES
('A-B','0x0da4f428a0c007da0f7629c3ec6a08a661ee20847556e6bf6ce880def4987003',2,true),
('A-G','0xf56c4a1c0906214f3f859ccd8b498ab673979df61d7e35b2d98c5bee3fbc0096',2,true),
('Y-Z','0xd3ffe1812b2df4062281c7ddd502bec5867fdc6d47175e316df742638e75b883',2,true),
('S-T','0x3b1c3ae905d44c3a49f0dedd918a4c2d8aae6ae5e8339fd3570060b23ded7883',2,true),
('V-W','0x40fad7b423a843650fddcad36b7de6609eead0cf1d12cb4d81b0f9082c80eb6d',2,true);
INSERT INTO repo_snapshots (id,increment_id,org_or_user,repo_name,full_name,language,stars,forks,open_issues,pushed_at,description) VALUES
(1,1,'plurigrid','gorj','plurigrid/gorj','Clojure',0,0,174,'2026-05-13','forj + Rama topology nREPL routing'),
(2,1,'plurigrid','zig-syrup','plurigrid/zig-syrup','Zig',2,2,0,'2026-04-30','OCapN Syrup in Zig'),
(3,1,'plurigrid','asi','plurigrid/asi','HTML',21,5,4,'2026-04-26','everything is topological chemputer!'),
(4,1,'plurigrid','nash-portal','plurigrid/nash-portal','Rust',2,3,2,'2026-04-26','NASH token TUI in the browser'),
(5,1,'plurigrid','horse','plurigrid/horse','TeX',1,1,9,'2026-05-07',''),
(6,1,'plurigrid','asi-skills','plurigrid/asi-skills','Julia',3,1,0,'2026-04-26','69 skills with Galois Hole Type accessibility'),
(7,1,'plurigrid','nanoclj-zig','plurigrid/nanoclj-zig','Zig',1,2,20,'2026-04-25','NaN-boxed Clojure interpreter in Zig'),
(8,1,'plurigrid','ontology','plurigrid/ontology','JavaScript',8,9,16,'2025-05-27','autopoietic ergodicity and embodied gradualism'),
(9,1,'plurigrid','vcg-auction','plurigrid/vcg-auction','Rust',7,2,1,'2023-03-16','VCG auction CosmWasm contract'),
(10,1,'plurigrid','agent','plurigrid/agent','Python',5,1,6,'2023-03-31','Framework for agency amplification'),
(11,1,'plurigrid','StochFlow','plurigrid/StochFlow','Python',4,1,0,'2024-03-20','Stochastic interpolant models'),
(12,1,'plurigrid','Plurigraph','plurigrid/Plurigraph','JavaScript',3,5,4,'2025-01-05','Plurigrid knowledge base for Obsidian'),
(13,1,'plurigrid','act','plurigrid/act','Python',3,1,4,'2024-07-26','cognitive category theory building blocks'),
(14,1,'plurigrid','asi-skills','plurigrid/microworlds','Rust',3,5,3,'2023-05-13','microworlds'),
(15,1,'plurigrid','aptos-wallet-ruby','plurigrid/aptos-wallet-ruby','Ruby',1,0,0,'2025-09-30',''),
(16,1,'plurigrid','duck-kanban','plurigrid/duck-kanban','Rust',1,0,0,'2025-09-26','Duck intelligence kanban'),
(17,1,'plurigrid','grid','plurigrid/grid','TypeScript',2,1,1,'2023-01-02','Plurigrid Testnet 0'),
(100,2,'kubeflow','kubeflow','kubeflow/kubeflow','',15628,2648,2,'2026-05-07','Machine Learning Toolkit for Kubernetes'),
(101,2,'kubeflow','pipelines','kubeflow/pipelines','Python',4140,1991,507,'2026-05-12','Machine Learning Pipelines for Kubeflow'),
(102,2,'kubeflow','spark-operator','kubeflow/spark-operator','Python',3125,1481,93,'2026-05-12','Kubernetes operator for Apache Spark'),
(103,2,'kubeflow','trainer','kubeflow/trainer','Go',2098,949,105,'2026-05-13','Distributed AI Training on Kubernetes'),
(104,2,'kubeflow','katib','kubeflow/katib','Python',1682,522,124,'2026-05-09','Automated Machine Learning on Kubernetes'),
(105,2,'kubeflow','examples','kubeflow/examples','Jsonnet',1462,757,111,'2025-04-14','Extended examples and tutorials'),
(106,2,'kubeflow','manifests','kubeflow/manifests','YAML',1017,1062,28,'2026-05-12','Kubeflow AI Reference Platform Manifests'),
(107,2,'kubeflow','arena','kubeflow/arena','Go',810,190,57,'2026-05-07','A CLI for Kubeflow'),
(108,2,'kubeflow','kale','kubeflow/kale','Python',686,156,55,'2026-05-12','Kubeflow superfood for Data Scientists'),
(109,2,'kubeflow','fairing','kubeflow/fairing','Jsonnet',337,143,134,'2022-04-11','Python SDK for building ML models'),
(110,2,'kubeflow','pytorch-operator','kubeflow/pytorch-operator','Jsonnet',310,143,63,'2021-12-01','PyTorch on Kubernetes'),
(111,2,'kubeflow','mpi-operator','kubeflow/mpi-operator','Go',526,235,100,'2026-05-12','Kubernetes Operator for MPI'),
(112,2,'kubeflow','website','kubeflow/website','HTML',184,919,54,'2026-05-08','Kubeflow Website'),
(113,2,'kubeflow','kfp-tekton','kubeflow/kfp-tekton','TypeScript',182,123,79,'2024-11-19','Kubeflow Pipelines on Tekton'),
(114,2,'kubeflow','kfctl','kubeflow/kfctl','Go',182,134,94,'2023-08-15','kfctl CLI for Kubeflow'),
(115,2,'kubeflow','hub','kubeflow/hub','Go',175,178,51,'2026-05-13','Model Registry'),
(116,2,'kubeflow','mcp-apache-spark','kubeflow/mcp-apache-spark-history-server','Python',168,59,22,'2026-05-12','MCP for Apache Spark History Server'),
(200,3,'TeglonLabs','mathpix-gem','TeglonLabs/mathpix-gem','Ruby',2,0,11,'2026-01-01','Transform mathematical images to LaTeX'),
(201,3,'TeglonLabs','monad-mcp-server','TeglonLabs/monad-mcp-server','',0,0,0,'2025-05-14','Monad MCP Server'),
(202,3,'TeglonLabs','topoi','TeglonLabs/topoi','Python',0,0,1,'2025-01-24',''),
(203,3,'TeglonLabs','coin-flip-mcp','TeglonLabs/coin-flip-mcp','JavaScript',0,2,1,'2025-09-21','MCP server for flipping coins'),
(300,4,'bmorphism','ocaml-mcp-sdk','bmorphism/ocaml-mcp-sdk','OCaml',61,2,0,'2026-03-16','OCaml SDK for Model Context Protocol'),
(301,4,'bmorphism','risc0-cosmwasm-example','bmorphism/risc0-cosmwasm-example','Rust',23,2,1,'2022-10-20','CosmWasm + zkVM RISC-V EFI template'),
(302,4,'bmorphism','anti-bullshit-mcp-server','bmorphism/anti-bullshit-mcp-server','JavaScript',23,7,1,'2026-01-16','MCP for analyzing claims and detecting manipulation'),
(303,4,'bmorphism','say-mcp-server','bmorphism/say-mcp-server','JavaScript',20,9,3,'2025-01-07','MCP server for macOS text-to-speech'),
(304,4,'bmorphism','babashka-mcp-server','bmorphism/babashka-mcp-server','JavaScript',18,6,3,'2025-01-05','MCP server for Babashka Clojure'),
(305,4,'bmorphism','manifold-mcp-server','bmorphism/manifold-mcp-server','JavaScript',14,9,5,'2025-01-11','MCP for Manifold Markets prediction markets'),
(306,4,'bmorphism','penrose-mcp','bmorphism/penrose-mcp','JavaScript',10,4,0,'2025-01-20','Penrose server for Infinity-Topos'),
(307,4,'bmorphism','marginalia-mcp-server','bmorphism/marginalia-mcp-server','JavaScript',8,6,0,'2025-01-06','MCP server for marginalia and annotations'),
(308,4,'bmorphism','nats-mcp-server','bmorphism/nats-mcp-server','',7,3,2,'2025-01-06','MCP server for NATS messaging system'),
(309,4,'bmorphism','hypernym-mcp-server','bmorphism/hypernym-mcp-server','JavaScript',6,5,0,'2025-04-02',''),
(310,4,'bmorphism','penumbra-mcp','bmorphism/penumbra-mcp','JavaScript',5,6,3,'2025-01-07','MCP for Penumbra blockchain'),
(311,4,'bmorphism','shitcoin','bmorphism/shitcoin','Python',5,0,0,'2026-04-08','gets denom for cw20 assets IBC'),
(312,4,'bmorphism','Gay.jl','bmorphism/Gay.jl','Julia',1,0,188,'2026-05-13','Wide-gamut color sampling splittable determinism'),
(313,4,'bmorphism','slowtime-mcp-server','bmorphism/slowtime-mcp-server','TypeScript',3,5,6,'2025-01-02','MCP for secure time-based operations'),
(314,4,'bmorphism','whale','bmorphism/whale','MATLAB',2,0,0,'2025-09-04','omniglot + sperm whale codas'),
(315,4,'bmorphism','graphistry-mcp','bmorphism/graphistry-mcp','Python',2,0,0,'2025-05-06','Graphistry MCP integration'),
(316,4,'bmorphism','zig-syrup','bmorphism/zig-syrup','Zig',0,0,0,'2026-05-07','Embeddable OCapN Syrup in Zig'),
(317,4,'bmorphism','nanoclj-zig','bmorphism/nanoclj-zig','Zig',0,0,0,'2026-05-07',''),
(400,5,'zubyul','gay-world','zubyul/gay-world','Python',1,1,0,'2026-03-26','Goblin world builder: each goblin is a world'),
(401,5,'zubyul','zubyul.github.io','zubyul/zubyul.github.io','CSS',1,0,0,'2026-01-27',''),
(402,5,'zubyul','plurigrid-site','zubyul/plurigrid-site','Svelte',0,1,11,'2026-02-04','Plurigrid world site deployment'),
(403,5,'zubyul','WGCNA','zubyul/WGCNA','HTML',2,0,0,'2023-07-05','weighted gene correlation network analysis'),
(404,5,'zubyul','jonikas_lab_data_analysis_misc','zubyul/jonikas_lab_data_analysis_misc','Jupyter Notebook',2,0,0,'2023-08-16','large genetic sequence data scripts'),
(405,5,'zubyul','Nikolova_lab_data_analysis','zubyul/Nikolova_lab_data_analysis','R',2,0,0,'2023-06-16','undergraduate thesis cortical thickness study'),
(406,5,'zubyul','nash-tui','zubyul/nash-tui','Rust',0,0,0,'2026-04-13','NASH token TUI with real-time candles'),
(407,5,'zubyul','Gay.jl','zubyul/Gay.jl','Julia',0,0,0,'2026-03-28','Wide-gamut color sampling fork'),
(500,6,'migalkin','NodePiece','migalkin/NodePiece','Python',144,21,0,'2022-02-02','Compositional Representations for KGs ICLR22'),
(501,6,'migalkin','StarE','migalkin/StarE','Python',89,16,1,'2023-12-01','EMNLP 2020: Hyper-Relational KGs'),
(502,6,'migalkin','kgcourse2021','migalkin/kgcourse2021','HTML',25,9,0,'2025-08-04','Knowledge Graphs course materials'),
(503,6,'migalkin','NBFNet_mlx','migalkin/NBFNet_mlx','Python',10,1,1,'2024-03-02','Neural Bellman-Ford networks in MLX'),
(504,6,'migalkin','RWL','migalkin/RWL','Python',7,1,0,'2022-12-01','Weisfeiler and Leman Go Relational LOG 2022'),
(505,6,'migalkin','rambo','migalkin/rambo','Rust',3,0,1,'2023-02-08',''),
(600,7,'DJedamski','Getting-and-Cleaning-Data','DJedamski/Getting-and-Cleaning-Data','R',1,0,0,'2023-04-21','Coursera Project'),
(601,7,'DJedamski','Kaggle','DJedamski/Kaggle','',1,0,0,'2023-04-21',''),
(602,7,'DJedamski','School','DJedamski/School','R',1,1,0,'2023-04-21','Small projects from grad school'),
(700,8,'wasita','magic-garden','wasita/magic-garden','Python',2,1,1,'2026-04-22','Discord bot for magic garden auto-purchasing'),
(701,8,'wasita','wasita.github.io','wasita/wasita.github.io','Svelte',1,0,8,'2026-05-13','personal website'),
(702,8,'wasita','wins-search','wasita/wins-search','CSS',1,0,0,'2023-06-03','Women in Network Science member list'),
(1000,11,'AustinCStone','TextGAN','AustinCStone/TextGAN','Python',92,30,5,'2025-03-03','GAN for text generation TensorFlow'),
(1001,11,'AustinCStone','StereoVisionMRF','AustinCStone/StereoVisionMRF','Python',11,4,0,'2026-04-01','MRF loopy belief for stereo depth'),
(1002,11,'AustinCStone','SpectralClustering','AustinCStone/SpectralClustering','Python',3,2,0,'2021-04-16','Spectral clustering implementation'),
(1003,11,'AustinCStone','StructureFromMotion','AustinCStone/StructureFromMotion','Python',1,0,0,'2019-04-26','Recover 3D geometry from videos');
SELECT 'world_increments' AS tbl, COUNT(*) AS cnt FROM world_increments
UNION ALL SELECT 'repo_snapshots', COUNT(*) FROM repo_snapshots
UNION ALL SELECT 'aptos_snapshots', COUNT(*) FROM aptos_snapshots
UNION ALL SELECT 'multisig_probes', COUNT(*) FROM multisig_probes
UNION ALL SELECT 'mnx_snapshots', COUNT(*) FROM mnx_snapshots;
SELECT full_name, stars FROM repo_snapshots ORDER BY stars DESC LIMIT 5;
